{"cameraMode":{"drawMode":0,"name":"Shaded","section":"Shading Mode"},"sceneLighting":false,"audioPlay":false,"sceneViewState":{"showFog":false,"showMaterialUpdate":false,"showSkybox":false,"showFlares":false,"showImageEffects":false,"showParticleSystems":false},"in2DMode":false,"pivot":{"x":0.0078125,"y":0.6905996799468994,"z":0.9388181567192078},"rotation":{"x":0.08918526023626328,"y":-0.8382211923599243,"z":0.1442273110151291,"w":0.5183040499687195},"size":5.787784099578857,"orthographic":true}